{
  "mae": 22.108368349067135,
  "rmse": 51.0305173320736,
  "r2": 0.5841837481908418
}