{
  "mae": 8.509205350561025,
  "rmse": 10.08569116259319,
  "r2": 0.9839046934461319
}